<metadata xml:lang="en"><Esri><CreaDate>20210813</CreaDate><CreaTime>10425200</CreaTime><ArcGISFormat>1.0</ArcGISFormat><SyncOnce>FALSE</SyncOnce><DataProperties><itemProps><itemName Sync="TRUE">Heathlands</itemName><imsContentType Sync="TRUE">002</imsContentType><itemLocation><linkage Sync="TRUE">file://\\DESKTOP-K2N6R7M\D$\Uni\2021Semester2\Geospatial_Programming\Final_Project_Dataset\Order_CJPSZB\mga2020_55\esrishape\vicgov_region\GIPPSLAND-0\FIRE\Heathlands.shp</linkage><protocol Sync="TRUE">Local Area Network</protocol></itemLocation><itemSize Sync="TRUE">0.000</itemSize></itemProps><coordRef><type Sync="TRUE">Projected</type><geogcsn Sync="TRUE">GDA2020</geogcsn><csUnits Sync="TRUE">Linear Unit: Meter (1.000000)</csUnits><peXml Sync="TRUE">&lt;ProjectedCoordinateSystem xsi:type='typens:ProjectedCoordinateSystem' xmlns:xsi='http://www.w3.org/2001/XMLSchema-instance' xmlns:xs='http://www.w3.org/2001/XMLSchema' xmlns:typens='http://www.esri.com/schemas/ArcGIS/2.8.0'&gt;&lt;WKT&gt;PROJCS[&amp;quot;GDA2020_MGA_Zone_55&amp;quot;,GEOGCS[&amp;quot;GDA2020&amp;quot;,DATUM[&amp;quot;GDA2020&amp;quot;,SPHEROID[&amp;quot;GRS_1980&amp;quot;,6378137.0,298.257222101]],PRIMEM[&amp;quot;Greenwich&amp;quot;,0.0],UNIT[&amp;quot;Degree&amp;quot;,0.0174532925199433]],PROJECTION[&amp;quot;Transverse_Mercator&amp;quot;],PARAMETER[&amp;quot;False_Easting&amp;quot;,500000.0],PARAMETER[&amp;quot;False_Northing&amp;quot;,10000000.0],PARAMETER[&amp;quot;Central_Meridian&amp;quot;,147.0],PARAMETER[&amp;quot;Scale_Factor&amp;quot;,0.9996],PARAMETER[&amp;quot;Latitude_Of_Origin&amp;quot;,0.0],UNIT[&amp;quot;Meter&amp;quot;,1.0],AUTHORITY[&amp;quot;EPSG&amp;quot;,7855]]&lt;/WKT&gt;&lt;XOrigin&gt;-5120900&lt;/XOrigin&gt;&lt;YOrigin&gt;1900&lt;/YOrigin&gt;&lt;XYScale&gt;450445547.3910538&lt;/XYScale&gt;&lt;ZOrigin&gt;-100000&lt;/ZOrigin&gt;&lt;ZScale&gt;10000&lt;/ZScale&gt;&lt;MOrigin&gt;-100000&lt;/MOrigin&gt;&lt;MScale&gt;10000&lt;/MScale&gt;&lt;XYTolerance&gt;0.001&lt;/XYTolerance&gt;&lt;ZTolerance&gt;0.001&lt;/ZTolerance&gt;&lt;MTolerance&gt;0.001&lt;/MTolerance&gt;&lt;HighPrecision&gt;true&lt;/HighPrecision&gt;&lt;WKID&gt;7855&lt;/WKID&gt;&lt;LatestWKID&gt;7855&lt;/LatestWKID&gt;&lt;/ProjectedCoordinateSystem&gt;</peXml><projcsn Sync="TRUE">GDA2020_MGA_Zone_55</projcsn></coordRef><lineage><Process ToolSource="c:\program files\arcgis\pro\Resources\ArcToolbox\toolboxes\Conversion Tools.tbx\FeatureClassToFeatureClass" Date="20210813" Time="104307">FeatureClassToFeatureClass "S:\MC265_RMIT\Sem_2\GIS_Principles\Project\Ground_Parrots\Data-20210813T042107Z-001\Data\SDM896619\ll_gda94\shape\lga_polygon\east gippsland\FLORAFAUNA1\NV2005_EVCBCS.shp" S:\MC265_RMIT\Sem_2\GIS_Principles\Project\Ground_Parrots\Ground_Parrots.gdb fauna # "SCALE "SCALE" true true false 11 Double 0 11,First,#,S:\MC265_RMIT\Sem_2\GIS_Principles\Project\Ground_Parrots\Data-20210813T042107Z-001\Data\SDM896619\ll_gda94\shape\lga_polygon\east gippsland\FLORAFAUNA1\NV2005_EVCBCS.shp,SCALE,-1,-1;BIOREGNO "BIOREGNO" true true false 16 Double 4 15,First,#,S:\MC265_RMIT\Sem_2\GIS_Principles\Project\Ground_Parrots\Data-20210813T042107Z-001\Data\SDM896619\ll_gda94\shape\lga_polygon\east gippsland\FLORAFAUNA1\NV2005_EVCBCS.shp,BIOREGNO,-1,-1;EVC "EVC" true true false 11 Double 0 11,First,#,S:\MC265_RMIT\Sem_2\GIS_Principles\Project\Ground_Parrots\Data-20210813T042107Z-001\Data\SDM896619\ll_gda94\shape\lga_polygon\east gippsland\FLORAFAUNA1\NV2005_EVCBCS.shp,EVC,-1,-1;EVC_BCS "EVC_BCS" true true false 3 Text 0 0,First,#,S:\MC265_RMIT\Sem_2\GIS_Principles\Project\Ground_Parrots\Data-20210813T042107Z-001\Data\SDM896619\ll_gda94\shape\lga_polygon\east gippsland\FLORAFAUNA1\NV2005_EVCBCS.shp,EVC_BCS,0,3;EVCBCSDESC "EVCBCSDESC" true true false 30 Text 0 0,First,#,S:\MC265_RMIT\Sem_2\GIS_Principles\Project\Ground_Parrots\Data-20210813T042107Z-001\Data\SDM896619\ll_gda94\shape\lga_polygon\east gippsland\FLORAFAUNA1\NV2005_EVCBCS.shp,EVCBCSDESC,0,30;EVC_GO "EVC_GO" true true false 3 Text 0 0,First,#,S:\MC265_RMIT\Sem_2\GIS_Principles\Project\Ground_Parrots\Data-20210813T042107Z-001\Data\SDM896619\ll_gda94\shape\lga_polygon\east gippsland\FLORAFAUNA1\NV2005_EVCBCS.shp,EVC_GO,0,3;EVCGODESC "EVCGODESC" true true false 30 Text 0 0,First,#,S:\MC265_RMIT\Sem_2\GIS_Principles\Project\Ground_Parrots\Data-20210813T042107Z-001\Data\SDM896619\ll_gda94\shape\lga_polygon\east gippsland\FLORAFAUNA1\NV2005_EVCBCS.shp,EVCGODESC,0,30;EVC_MUT "EVC_MUT" true true false 10 Text 0 0,First,#,S:\MC265_RMIT\Sem_2\GIS_Principles\Project\Ground_Parrots\Data-20210813T042107Z-001\Data\SDM896619\ll_gda94\shape\lga_polygon\east gippsland\FLORAFAUNA1\NV2005_EVCBCS.shp,EVC_MUT,0,10;BIOREGION "BIOREGION" true true false 50 Text 0 0,First,#,S:\MC265_RMIT\Sem_2\GIS_Principles\Project\Ground_Parrots\Data-20210813T042107Z-001\Data\SDM896619\ll_gda94\shape\lga_polygon\east gippsland\FLORAFAUNA1\NV2005_EVCBCS.shp,BIOREGION,0,50;BIOREGCODE "BIOREGCODE" true true false 4 Text 0 0,First,#,S:\MC265_RMIT\Sem_2\GIS_Principles\Project\Ground_Parrots\Data-20210813T042107Z-001\Data\SDM896619\ll_gda94\shape\lga_polygon\east gippsland\FLORAFAUNA1\NV2005_EVCBCS.shp,BIOREGCODE,0,4;EVC_CODE "EVC_CODE" true true false 4 Text 0 0,First,#,S:\MC265_RMIT\Sem_2\GIS_Principles\Project\Ground_Parrots\Data-20210813T042107Z-001\Data\SDM896619\ll_gda94\shape\lga_polygon\east gippsland\FLORAFAUNA1\NV2005_EVCBCS.shp,EVC_CODE,0,4;EVCBCSSRC "EVCBCSSRC" true true false 11 Double 0 11,First,#,S:\MC265_RMIT\Sem_2\GIS_Principles\Project\Ground_Parrots\Data-20210813T042107Z-001\Data\SDM896619\ll_gda94\shape\lga_polygon\east gippsland\FLORAFAUNA1\NV2005_EVCBCS.shp,EVCBCSSRC,-1,-1;VEG_CODE "VEG_CODE" true true false 8 Text 0 0,First,#,S:\MC265_RMIT\Sem_2\GIS_Principles\Project\Ground_Parrots\Data-20210813T042107Z-001\Data\SDM896619\ll_gda94\shape\lga_polygon\east gippsland\FLORAFAUNA1\NV2005_EVCBCS.shp,VEG_CODE,0,8;BIOEVC "BIOEVC" true true false 8 Text 0 0,First,#,S:\MC265_RMIT\Sem_2\GIS_Principles\Project\Ground_Parrots\Data-20210813T042107Z-001\Data\SDM896619\ll_gda94\shape\lga_polygon\east gippsland\FLORAFAUNA1\NV2005_EVCBCS.shp,BIOEVC,0,8;AREASQM "AREASQM" true true false 19 Double 2 18,First,#,S:\MC265_RMIT\Sem_2\GIS_Principles\Project\Ground_Parrots\Data-20210813T042107Z-001\Data\SDM896619\ll_gda94\shape\lga_polygon\east gippsland\FLORAFAUNA1\NV2005_EVCBCS.shp,AREASQM,-1,-1;HECTARES "HECTARES" true true false 19 Double 2 18,First,#,S:\MC265_RMIT\Sem_2\GIS_Principles\Project\Ground_Parrots\Data-20210813T042107Z-001\Data\SDM896619\ll_gda94\shape\lga_polygon\east gippsland\FLORAFAUNA1\NV2005_EVCBCS.shp,HECTARES,-1,-1;EVC_GP "EVC_GP" true true false 11 Double 0 11,First,#,S:\MC265_RMIT\Sem_2\GIS_Principles\Project\Ground_Parrots\Data-20210813T042107Z-001\Data\SDM896619\ll_gda94\shape\lga_polygon\east gippsland\FLORAFAUNA1\NV2005_EVCBCS.shp,EVC_GP,-1,-1;EVC_SUBGP "EVC_SUBGP" true true false 16 Double 4 15,First,#,S:\MC265_RMIT\Sem_2\GIS_Principles\Project\Ground_Parrots\Data-20210813T042107Z-001\Data\SDM896619\ll_gda94\shape\lga_polygon\east gippsland\FLORAFAUNA1\NV2005_EVCBCS.shp,EVC_SUBGP,-1,-1;X_EVCNAME "X_EVCNAME" true true false 160 Text 0 0,First,#,S:\MC265_RMIT\Sem_2\GIS_Principles\Project\Ground_Parrots\Data-20210813T042107Z-001\Data\SDM896619\ll_gda94\shape\lga_polygon\east gippsland\FLORAFAUNA1\NV2005_EVCBCS.shp,X_EVCNAME,0,160;XGROUPNAME "XGROUPNAME" true true false 60 Text 0 0,First,#,S:\MC265_RMIT\Sem_2\GIS_Principles\Project\Ground_Parrots\Data-20210813T042107Z-001\Data\SDM896619\ll_gda94\shape\lga_polygon\east gippsland\FLORAFAUNA1\NV2005_EVCBCS.shp,XGROUPNAME,0,60;XSUBGGROUP "XSUBGGROUP" true true false 50 Text 0 0,First,#,S:\MC265_RMIT\Sem_2\GIS_Principles\Project\Ground_Parrots\Data-20210813T042107Z-001\Data\SDM896619\ll_gda94\shape\lga_polygon\east gippsland\FLORAFAUNA1\NV2005_EVCBCS.shp,XSUBGGROUP,0,50" #</Process><Process ToolSource="c:\program files\arcgis\pro\Resources\ArcToolbox\toolboxes\Conversion Tools.tbx\FeatureClassToFeatureClass" Date="20210813" Time="104819">FeatureClassToFeatureClass fauna S:\MC265_RMIT\Sem_2\GIS_Principles\Project\Ground_Parrots\Ground_Parrots.gdb wet_heatland "X_EVCNAME = 'Wet Heathland'" "SCALE "SCALE" true true false 8 Double 0 0,First,#,fauna,SCALE,-1,-1;BIOREGNO "BIOREGNO" true true false 8 Double 0 0,First,#,fauna,BIOREGNO,-1,-1;EVC "EVC" true true false 8 Double 0 0,First,#,fauna,EVC,-1,-1;EVC_BCS "EVC_BCS" true true false 3 Text 0 0,First,#,fauna,EVC_BCS,0,3;EVCBCSDESC "EVCBCSDESC" true true false 30 Text 0 0,First,#,fauna,EVCBCSDESC,0,30;EVC_GO "EVC_GO" true true false 3 Text 0 0,First,#,fauna,EVC_GO,0,3;EVCGODESC "EVCGODESC" true true false 30 Text 0 0,First,#,fauna,EVCGODESC,0,30;EVC_MUT "EVC_MUT" true true false 10 Text 0 0,First,#,fauna,EVC_MUT,0,10;BIOREGION "BIOREGION" true true false 50 Text 0 0,First,#,fauna,BIOREGION,0,50;BIOREGCODE "BIOREGCODE" true true false 4 Text 0 0,First,#,fauna,BIOREGCODE,0,4;EVC_CODE "EVC_CODE" true true false 4 Text 0 0,First,#,fauna,EVC_CODE,0,4;EVCBCSSRC "EVCBCSSRC" true true false 8 Double 0 0,First,#,fauna,EVCBCSSRC,-1,-1;VEG_CODE "VEG_CODE" true true false 8 Text 0 0,First,#,fauna,VEG_CODE,0,8;BIOEVC "BIOEVC" true true false 8 Text 0 0,First,#,fauna,BIOEVC,0,8;AREASQM "AREASQM" true true false 8 Double 0 0,First,#,fauna,AREASQM,-1,-1;HECTARES "HECTARES" true true false 8 Double 0 0,First,#,fauna,HECTARES,-1,-1;EVC_GP "EVC_GP" true true false 8 Double 0 0,First,#,fauna,EVC_GP,-1,-1;EVC_SUBGP "EVC_SUBGP" true true false 8 Double 0 0,First,#,fauna,EVC_SUBGP,-1,-1;X_EVCNAME "X_EVCNAME" true true false 160 Text 0 0,First,#,fauna,X_EVCNAME,0,160;XGROUPNAME "XGROUPNAME" true true false 60 Text 0 0,First,#,fauna,XGROUPNAME,0,60;XSUBGGROUP "XSUBGGROUP" true true false 50 Text 0 0,First,#,fauna,XSUBGGROUP,0,50;Shape_Length "Shape_Length" false true true 8 Double 0 0,First,#,fauna,Shape_Length,-1,-1;Shape_Area "Shape_Area" false true true 8 Double 0 0,First,#,fauna,Shape_Area,-1,-1" #</Process><Process ToolSource="c:\users\finn\appdata\local\programs\arcgis\pro\Resources\ArcToolbox\toolboxes\Conversion Tools.tbx\FeatureClassToFeatureClass" Date="20211010" Time="210438">FeatureClassToFeatureClass Heathlands D:\Uni\2021Semester2\Geospatial_Programming\Final_Project_Dataset\Order_CJPSZB\mga2020_55\esrishape\vicgov_region\GIPPSLAND-0\FIRE Heathlands.shp # "SCALE "SCALE" true true false 8 Double 0 0,First,#,Heathlands,SCALE,-1,-1;BIOREGNO "BIOREGNO" true true false 8 Double 0 0,First,#,Heathlands,BIOREGNO,-1,-1;EVC "EVC" true true false 8 Double 0 0,First,#,Heathlands,EVC,-1,-1;EVC_BCS "EVC_BCS" true true false 3 Text 0 0,First,#,Heathlands,EVC_BCS,0,3;EVCBCSDESC "EVCBCSDESC" true true false 30 Text 0 0,First,#,Heathlands,EVCBCSDESC,0,30;EVC_GO "EVC_GO" true true false 3 Text 0 0,First,#,Heathlands,EVC_GO,0,3;EVCGODESC "EVCGODESC" true true false 30 Text 0 0,First,#,Heathlands,EVCGODESC,0,30;EVC_MUT "EVC_MUT" true true false 10 Text 0 0,First,#,Heathlands,EVC_MUT,0,10;BIOREGION "BIOREGION" true true false 50 Text 0 0,First,#,Heathlands,BIOREGION,0,50;BIOREGCODE "BIOREGCODE" true true false 4 Text 0 0,First,#,Heathlands,BIOREGCODE,0,4;EVC_CODE "EVC_CODE" true true false 4 Text 0 0,First,#,Heathlands,EVC_CODE,0,4;EVCBCSSRC "EVCBCSSRC" true true false 8 Double 0 0,First,#,Heathlands,EVCBCSSRC,-1,-1;VEG_CODE "VEG_CODE" true true false 8 Text 0 0,First,#,Heathlands,VEG_CODE,0,8;BIOEVC "BIOEVC" true true false 8 Text 0 0,First,#,Heathlands,BIOEVC,0,8;AREASQM "AREASQM" true true false 8 Double 0 0,First,#,Heathlands,AREASQM,-1,-1;HECTARES "HECTARES" true true false 8 Double 0 0,First,#,Heathlands,HECTARES,-1,-1;EVC_GP "EVC_GP" true true false 8 Double 0 0,First,#,Heathlands,EVC_GP,-1,-1;EVC_SUBGP "EVC_SUBGP" true true false 8 Double 0 0,First,#,Heathlands,EVC_SUBGP,-1,-1;X_EVCNAME "X_EVCNAME" true true false 160 Text 0 0,First,#,Heathlands,X_EVCNAME,0,160;XGROUPNAME "XGROUPNAME" true true false 60 Text 0 0,First,#,Heathlands,XGROUPNAME,0,60;XSUBGGROUP "XSUBGGROUP" true true false 50 Text 0 0,First,#,Heathlands,XSUBGGROUP,0,50;Shape_Length "Shape_Length" false true true 8 Double 0 0,First,#,Heathlands,Shape_Length,-1,-1;Shape_Area "Shape_Area" false true true 8 Double 0 0,First,#,Heathlands,Shape_Area,-1,-1" #</Process></lineage></DataProperties><SyncDate>20211010</SyncDate><SyncTime>21043800</SyncTime><ModDate>20211010</ModDate><ModTime>21043800</ModTime></Esri><dataIdInfo><envirDesc Sync="TRUE">Microsoft Windows 10 Version 10.0 (Build 19043) ; Esri ArcGIS 12.8.3.29751</envirDesc><dataLang><languageCode value="eng" Sync="TRUE"></languageCode><countryCode value="AUS" Sync="TRUE"></countryCode></dataLang><idCitation><resTitle Sync="TRUE">Heathlands</resTitle><presForm><PresFormCd value="005" Sync="TRUE"></PresFormCd></presForm></idCitation><spatRpType><SpatRepTypCd value="001" Sync="TRUE"></SpatRepTypCd></spatRpType></dataIdInfo><mdLang><languageCode value="eng" Sync="TRUE"></languageCode><countryCode value="AUS" Sync="TRUE"></countryCode></mdLang><distInfo><distFormat><formatName Sync="TRUE">Shapefile</formatName></distFormat><distTranOps><transSize Sync="TRUE">0.000</transSize></distTranOps></distInfo><mdHrLv><ScopeCd value="005" Sync="TRUE"></ScopeCd></mdHrLv><mdHrLvName Sync="TRUE">dataset</mdHrLvName><refSysInfo><RefSystem><refSysID><identCode code="7855" Sync="TRUE"></identCode><idCodeSpace Sync="TRUE">EPSG</idCodeSpace><idVersion Sync="TRUE">8.9.4(10.5.0)</idVersion></refSysID></RefSystem></refSysInfo><spatRepInfo><VectSpatRep><geometObjs Name="Heathlands"><geoObjTyp><GeoObjTypCd value="002" Sync="TRUE"></GeoObjTypCd></geoObjTyp><geoObjCnt Sync="TRUE">0</geoObjCnt></geometObjs><topLvl><TopoLevCd value="001" Sync="TRUE"></TopoLevCd></topLvl></VectSpatRep></spatRepInfo><spdoinfo><ptvctinf><esriterm Name="Heathlands"><efeatyp Sync="TRUE">Simple</efeatyp><efeageom code="4" Sync="TRUE"></efeageom><esritopo Sync="TRUE">FALSE</esritopo><efeacnt Sync="TRUE">0</efeacnt><spindex Sync="TRUE">FALSE</spindex><linrefer Sync="TRUE">FALSE</linrefer></esriterm></ptvctinf></spdoinfo><eainfo><detailed Name="Heathlands"><enttyp><enttypl Sync="TRUE">Heathlands</enttypl><enttypt Sync="TRUE">Feature Class</enttypt><enttypc Sync="TRUE">0</enttypc></enttyp><attr><attrlabl Sync="TRUE">FID</attrlabl><attalias Sync="TRUE">FID</attalias><attrtype Sync="TRUE">OID</attrtype><attwidth Sync="TRUE">4</attwidth><atprecis Sync="TRUE">0</atprecis><attscale Sync="TRUE">0</attscale><attrdef Sync="TRUE">Internal feature number.</attrdef><attrdefs Sync="TRUE">Esri</attrdefs><attrdomv><udom Sync="TRUE">Sequential unique whole numbers that are automatically generated.</udom></attrdomv></attr><attr><attrlabl Sync="TRUE">Shape</attrlabl><attalias Sync="TRUE">Shape</attalias><attrtype Sync="TRUE">Geometry</attrtype><attwidth Sync="TRUE">0</attwidth><atprecis Sync="TRUE">0</atprecis><attscale Sync="TRUE">0</attscale><attrdef Sync="TRUE">Feature geometry.</attrdef><attrdefs Sync="TRUE">Esri</attrdefs><attrdomv><udom Sync="TRUE">Coordinates defining the features.</udom></attrdomv></attr><attr><attrlabl Sync="TRUE">SCALE</attrlabl><attalias Sync="TRUE">SCALE</attalias><attrtype Sync="TRUE">Double</attrtype><attwidth Sync="TRUE">19</attwidth><atprecis Sync="TRUE">0</atprecis><attscale Sync="TRUE">0</attscale></attr><attr><attrlabl Sync="TRUE">BIOREGNO</attrlabl><attalias Sync="TRUE">BIOREGNO</attalias><attrtype Sync="TRUE">Double</attrtype><attwidth Sync="TRUE">19</attwidth><atprecis Sync="TRUE">0</atprecis><attscale Sync="TRUE">0</attscale></attr><attr><attrlabl Sync="TRUE">EVC</attrlabl><attalias Sync="TRUE">EVC</attalias><attrtype Sync="TRUE">Double</attrtype><attwidth Sync="TRUE">19</attwidth><atprecis Sync="TRUE">0</atprecis><attscale Sync="TRUE">0</attscale></attr><attr><attrlabl Sync="TRUE">EVC_BCS</attrlabl><attalias Sync="TRUE">EVC_BCS</attalias><attrtype Sync="TRUE">String</attrtype><attwidth Sync="TRUE">3</attwidth><atprecis Sync="TRUE">0</atprecis><attscale Sync="TRUE">0</attscale></attr><attr><attrlabl Sync="TRUE">EVCBCSDESC</attrlabl><attalias Sync="TRUE">EVCBCSDESC</attalias><attrtype Sync="TRUE">String</attrtype><attwidth Sync="TRUE">30</attwidth><atprecis Sync="TRUE">0</atprecis><attscale Sync="TRUE">0</attscale></attr><attr><attrlabl Sync="TRUE">EVC_GO</attrlabl><attalias Sync="TRUE">EVC_GO</attalias><attrtype Sync="TRUE">String</attrtype><attwidth Sync="TRUE">3</attwidth><atprecis Sync="TRUE">0</atprecis><attscale Sync="TRUE">0</attscale></attr><attr><attrlabl Sync="TRUE">EVCGODESC</attrlabl><attalias Sync="TRUE">EVCGODESC</attalias><attrtype Sync="TRUE">String</attrtype><attwidth Sync="TRUE">30</attwidth><atprecis Sync="TRUE">0</atprecis><attscale Sync="TRUE">0</attscale></attr><attr><attrlabl Sync="TRUE">EVC_MUT</attrlabl><attalias Sync="TRUE">EVC_MUT</attalias><attrtype Sync="TRUE">String</attrtype><attwidth Sync="TRUE">10</attwidth><atprecis Sync="TRUE">0</atprecis><attscale Sync="TRUE">0</attscale></attr><attr><attrlabl Sync="TRUE">BIOREGION</attrlabl><attalias Sync="TRUE">BIOREGION</attalias><attrtype Sync="TRUE">String</attrtype><attwidth Sync="TRUE">50</attwidth><atprecis Sync="TRUE">0</atprecis><attscale Sync="TRUE">0</attscale></attr><attr><attrlabl Sync="TRUE">BIOREGCODE</attrlabl><attalias Sync="TRUE">BIOREGCODE</attalias><attrtype Sync="TRUE">String</attrtype><attwidth Sync="TRUE">4</attwidth><atprecis Sync="TRUE">0</atprecis><attscale Sync="TRUE">0</attscale></attr><attr><attrlabl Sync="TRUE">EVC_CODE</attrlabl><attalias Sync="TRUE">EVC_CODE</attalias><attrtype Sync="TRUE">String</attrtype><attwidth Sync="TRUE">4</attwidth><atprecis Sync="TRUE">0</atprecis><attscale Sync="TRUE">0</attscale></attr><attr><attrlabl Sync="TRUE">EVCBCSSRC</attrlabl><attalias Sync="TRUE">EVCBCSSRC</attalias><attrtype Sync="TRUE">Double</attrtype><attwidth Sync="TRUE">19</attwidth><atprecis Sync="TRUE">0</atprecis><attscale Sync="TRUE">0</attscale></attr><attr><attrlabl Sync="TRUE">VEG_CODE</attrlabl><attalias Sync="TRUE">VEG_CODE</attalias><attrtype Sync="TRUE">String</attrtype><attwidth Sync="TRUE">8</attwidth><atprecis Sync="TRUE">0</atprecis><attscale Sync="TRUE">0</attscale></attr><attr><attrlabl Sync="TRUE">BIOEVC</attrlabl><attalias Sync="TRUE">BIOEVC</attalias><attrtype Sync="TRUE">String</attrtype><attwidth Sync="TRUE">8</attwidth><atprecis Sync="TRUE">0</atprecis><attscale Sync="TRUE">0</attscale></attr><attr><attrlabl Sync="TRUE">AREASQM</attrlabl><attalias Sync="TRUE">AREASQM</attalias><attrtype Sync="TRUE">Double</attrtype><attwidth Sync="TRUE">19</attwidth><atprecis Sync="TRUE">0</atprecis><attscale Sync="TRUE">0</attscale></attr><attr><attrlabl Sync="TRUE">HECTARES</attrlabl><attalias Sync="TRUE">HECTARES</attalias><attrtype Sync="TRUE">Double</attrtype><attwidth Sync="TRUE">19</attwidth><atprecis Sync="TRUE">0</atprecis><attscale Sync="TRUE">0</attscale></attr><attr><attrlabl Sync="TRUE">EVC_GP</attrlabl><attalias Sync="TRUE">EVC_GP</attalias><attrtype Sync="TRUE">Double</attrtype><attwidth Sync="TRUE">19</attwidth><atprecis Sync="TRUE">0</atprecis><attscale Sync="TRUE">0</attscale></attr><attr><attrlabl Sync="TRUE">EVC_SUBGP</attrlabl><attalias Sync="TRUE">EVC_SUBGP</attalias><attrtype Sync="TRUE">Double</attrtype><attwidth Sync="TRUE">19</attwidth><atprecis Sync="TRUE">0</atprecis><attscale Sync="TRUE">0</attscale></attr><attr><attrlabl Sync="TRUE">X_EVCNAME</attrlabl><attalias Sync="TRUE">X_EVCNAME</attalias><attrtype Sync="TRUE">String</attrtype><attwidth Sync="TRUE">160</attwidth><atprecis Sync="TRUE">0</atprecis><attscale Sync="TRUE">0</attscale></attr><attr><attrlabl Sync="TRUE">XGROUPNAME</attrlabl><attalias Sync="TRUE">XGROUPNAME</attalias><attrtype Sync="TRUE">String</attrtype><attwidth Sync="TRUE">60</attwidth><atprecis Sync="TRUE">0</atprecis><attscale Sync="TRUE">0</attscale></attr><attr><attrlabl Sync="TRUE">XSUBGGROUP</attrlabl><attalias Sync="TRUE">XSUBGGROUP</attalias><attrtype Sync="TRUE">String</attrtype><attwidth Sync="TRUE">50</attwidth><atprecis Sync="TRUE">0</atprecis><attscale Sync="TRUE">0</attscale></attr><attr><attrlabl Sync="TRUE">Shape_Leng</attrlabl><attalias Sync="TRUE">Shape_Leng</attalias><attrtype Sync="TRUE">Double</attrtype><attwidth Sync="TRUE">19</attwidth><atprecis Sync="TRUE">0</atprecis><attscale Sync="TRUE">0</attscale></attr><attr><attrlabl Sync="TRUE">Shape_Area</attrlabl><attalias Sync="TRUE">Shape_Area</attalias><attrtype Sync="TRUE">Double</attrtype><attwidth Sync="TRUE">19</attwidth><atprecis Sync="TRUE">0</atprecis><attscale Sync="TRUE">0</attscale><attrdef Sync="TRUE">Area of feature in internal units squared.</attrdef><attrdefs Sync="TRUE">Esri</attrdefs><attrdomv><udom Sync="TRUE">Positive real numbers that are automatically generated.</udom></attrdomv></attr></detailed></eainfo><mdDateSt Sync="TRUE">20211010</mdDateSt></metadata>
